<?xml version="1.0" encoding="UTF-8"?><?xml-stylesheet type='text/xsl' href='_UpgradeReport_Files/UpgradeReport.xslt'?><UpgradeLog>
<Properties><Property Name="Solution" Value="BI Acc">
</Property><Property Name="Solution File" Value="E:\Destry\BI Acc\BI Acc\BI Acc.sln">
</Property><Property Name="User Options File" Value="E:\Destry\BI Acc\BI Acc\BI Acc.suo">
</Property><Property Name="Date" Value="Monday, April 28, 2014">
</Property><Property Name="Time" Value="11:09 AM">
</Property></Properties><Event ErrorLevel="0" Project="" Source="BI Acc.sln" Description="File successfully backed up as E:\Destry\BI Acc\BI Acc\Backup\BI Acc.sln">
</Event><Event ErrorLevel="0" Project="" Source="BI Acc.suo" Description="File successfully backed up as E:\Destry\BI Acc\BI Acc\Backup\BI Acc.suo">
</Event><Event ErrorLevel="0" Project="BI Acc" Source="BI Acc.database" Description="File successfully backed up as E:\Destry\BI Acc\BI Acc\Backup\BI Acc\BI Acc.database">
</Event><Event ErrorLevel="0" Project="BI Acc" Source="MW1004100501.XML" Description="File successfully backed up as E:\Destry\BI Acc\BI Acc\Backup\BI Acc\MW1004100501.XML">
</Event><Event ErrorLevel="0" Project="BI Acc" Source="Load Config.dtsx" Description="File successfully backed up as E:\Destry\BI Acc\BI Acc\Backup\BI Acc\Load Config.dtsx">
</Event><Event ErrorLevel="0" Project="BI Acc" Source="Package1.dtsx" Description="File successfully backed up as E:\Destry\BI Acc\BI Acc\Backup\BI Acc\Package1.dtsx">
</Event><Event ErrorLevel="0" Project="BI Acc" Source="BI Acc.dtproj" Description="File successfully backed up as E:\Destry\BI Acc\BI Acc\Backup\BI Acc\BI Acc.dtproj">
</Event><Event ErrorLevel="3" Project="BI Acc" Source="BI Acc.dtproj" Description="Converted">
</Event><Event ErrorLevel="0" Project="BI Acc" Source="BI Acc.dtproj" Description="Project converted successfully.">
</Event><Event ErrorLevel="0" Project="" Source="BI Acc.sln" Description="Solution converted successfully">
</Event><Event ErrorLevel="3" Project="" Source="BI Acc.sln" Description="Converted">
</Event></UpgradeLog>